Company,DY_2019-2020,DY_2020-2021,DY_2021-2022,DY_2022-2023,DY_2023-2024,DY_2024-2025,Dividend_Count
360ONE.NS,0.019496480576174036,0.07842850691799375,0.045716463302823224,0.04438946750960388,0.03463809640409879,0.004712153603114152,15
3MINDIA.NS,,,,0.04014020101466734,0.003762018952898533,0.01631298507823143,3
AARTIIND.NS,0.007532902529413148,0.002540952282058921,0.004224039256792258,0.0031014504287673666,0.0028973051570041113,,10
AAVAS.NS,,,,,,,0
ABB.NS,,0.009820205311331445,0.005942735745053144,0.0020183535501981644,0.002826055496200911,0.003689717064118853,8
ABBOTINDIA.NS,0.0028942271250673446,0.009457888499399991,0.00913066038767494,0.007183626049542408,0.013034787392563554,,7
ABCAPITAL.NS,,,,,,,0
ABFRL.NS,,,,,,,0
ACC.NS,,0.02113579273376331,,0.02580958377540065,0.004838145085093803,0.0029811499332344734,5
ACE.NS,0.013833808061606128,,0.002505178363258642,0.002416600972280012,0.0017463755402297614,,5
ADANIENT.NS,0.00849823647969258,,0.0007757209918316835,0.0003761486635211361,0.001015933251335113,0.00041486233348559705,7
ADANIGREEN.NS,,,,,,,0
ADANIPORTS.NS,0.009227611841235365,,0.007197596553669681,0.006417544737219614,0.006658777728324316,0.004565330066739605,6
ADANIPOWER.NS,,,,,,,0
AETHER.NS,,,,,,,0
AFFLE.NS,,,,,,,0
AIAENG.NS,0.022280363912261476,,0.004670526363302138,0.0040799268767295425,0.005038167364161244,,5
AJANTPHARM.NS,0.013875803334317559,0.006771524069848254,0.004854955289588979,0.005691714527888862,0.02758285283390024,,6
ALKEM.NS,0.01640933923563308,0.011217747350600212,0.010996244909518367,0.009183309648994631,0.012523302845227246,,10
ALKYLAMINE.NS,0.020955441524002114,0.008586015352017352,0.0018988104942407478,0.003419697676833819,0.0041467195679467965,0.00471979229439021,8
ALLCARGO.NS,0.033221890353816126,0.02057207471358923,0.015173906038530196,0.009237904826478151,,,4
ALOKINDS.NS,,,,,,,0
AMBER.NS,0.003505984899228206,,,,,,2
AMBUJACEM.NS,,0.10178189644750459,0.018650787794727185,,0.0058654810910264525,0.003315836024130159,6
ANANDRATHI.NS,,,0.009013783060496397,0.017465342233388317,0.009421630278043732,0.0024600455761518334,6
ANGELONE.NS,,0.014165431184761957,0.03184636206720284,0.03285126260711811,0.022442100333371517,,15
ANURAS.NS,,,0.0013385906893773987,0.002552367520580569,0.002173608278932835,,7
APARINDS.NS,0.04023395274297699,,0.017334069617593165,0.014773966320345982,0.010928072123801546,,5
APLAPOLLO.NS,0.009773233226488874,,,0.003581623434891247,0.0035958714871821723,,3
APLLTD.NS,0.016640906714363645,,0.016356144680050904,0.014809951192486607,0.012439875356823558,,5
APOLLOHOSP.NS,0.006595693363439075,0.0016262011808892518,0.0007926398577948395,0.004097613158252413,0.00497840346958421,,9
APOLLOTYRE.NS,0.05956104487425671,,0.016414824454233756,0.013988447043547129,0.0013439557181590372,0.012259823453683122,7
APTUS.NS,,,,0.006485315327784757,0.014834898384344508,0.00755356819664369,4
ASAHIINDIA.NS,0.015685677977337838,,0.0028602641018968494,0.0037375371649994386,0.003830836596411902,,6
ASHOKLEY.NS,0.10003239320554813,,0.00513803686876707,0.007688544186583937,0.03348214255011344,0.026111399053205628,8
ASIANPAINT.NS,0.006569143443384591,0.0026455003643863265,0.006424327218009835,0.0064826865548619885,0.008648206442439242,0.009649013426009809,11
ASTERDM.NS,,,,,,0.34003289063054093,1
ASTRAL.NS,0.0012199808124606657,0.0009096656509156436,0.0011894519611500046,0.0015021132458242588,0.002158384763745839,,10
ASTRAZEN.NS,0.00044495709536447825,0.000593558642202148,0.0005867053748852258,0.002714056605585193,0.0041401331850021116,0.00414932242380299,6
ATGL.NS,0.0033720149898999064,,0.00022016942146957556,9.11953918443346e-05,0.00024856744494606973,0.00025819102784671306,6
ATUL.NS,0.011094157455206257,,0.002410123552051056,0.003682870103709082,0.0036011880238907153,,7
AUBANK.NS,0.0010612249860320413,,,0.0007958134699898663,0.0014367853999271642,,3
AUROPHARMA.NS,0.005957190227362225,0.005841717156156738,0.005439644749953433,0.01334753113910494,0.006297603822367055,,12
AVANTIFEED.NS,0.023121729505338882,0.00021357385023584727,0.011951624354663487,0.013794955071420985,0.01603606123588331,,6
AWL.NS,,,,,,,0
AXISBANK.NS,,,,0.0013132289926172005,0.0021024558043292703,,3
BAJAJ-AUTO.NS,0.07097216320068034,,0.04047707796220469,0.04008000124170029,0.030500384124915392,0.009359562094251416,6
BAJAJFINSV.NS,0.0009255353896416994,,0.0002253105976977754,0.0002597636305813676,0.0005380139344708335,0.0006236067232135966,6
BAJAJHLDNG.NS,0.022547574910409245,,0.034237943276887825,0.025029098925061367,0.01831413559811104,0.002509569079664606,9
BAJFINANCE.NS,0.00433660725853634,,0.0016267580592453118,0.002986030044007745,0.004389223310131027,0.005197768483589105,6
BALAMINES.NS,0.027264885649101137,0.0010088185701169349,0.0014600161163352836,0.0038557272276234845,0.004526864433772425,0.004884739395841751,9
BALKRISIND.NS,0.026026142607755445,0.01010692674177414,0.01220051164718677,0.007723500019612137,0.0069152337999334535,0.0015305852810360047,19
BALRAMCHIN.NS,0.01737820097519506,0.018346693694462124,0.008649878743288038,0.006413360447685627,0.007544444557297697,,5
BANDHANBNK.NS,,,0.0032208924048543683,,0.006472214449910631,,2
BANKBARODA.NS,,,,0.02483467785565236,0.030230374831229128,0.02983831913044318,3
BANKINDIA.NS,,,,0.038992561053431324,0.0234720025612596,0.02151209724189766,3
BATAINDIA.NS,0.008211215047343567,0.005868463340440021,0.004962064128122052,0.02821438722874074,0.008572428423400422,,8
BAYERCROP.NS,0.005968892916880281,0.02520215467936731,0.03075210681151682,0.02702675502285647,0.03609538379387191,,10
BBTC.NS,0.0009788971452569177,0.001054139799925146,0.001010318186919553,0.001260942204565474,0.0011119752455696897,,5
BDL.NS,0.028732807674475672,0.03275763222174721,0.022174865191686505,0.012614288173369004,0.0011278356740096283,0.004137333451319972,10
BEL.NS,0.032890191773995735,0.05036010421538389,0.026162218641118555,0.020079071615269235,0.016676126024301845,,14
BEML.NS,0.006764979587946684,0.014654091035196331,0.005559890818441681,0.007315305967177674,0.005589007135625013,,10
BERGEPAINT.NS,0.014495913578849657,0.0005485042390459555,0.003633682906727677,0.0048009587219091585,0.004953654347508882,,7
BHARATFORG.NS,0.014202245876818897,,0.005126402296204105,0.009688589278459786,0.008679221613414714,0.004907605570038544,10
BHARTIARTL.NS,,0.003992169081484877,,0.004091946014484698,0.004682978765038343,,3
BHEL.NS,0.0473696859597121,,,0.006852173736257167,0.0038744627936727746,,4
BIOCON.NS,0.002027941496265607,,,0.0015792278990260408,0.012418716415188569,0.0017042974830406726,5
BIRLACORPN.NS,0.013269303003395762,0.025268615059258648,0.008682360239272107,0.00965358205223828,0.0022341345778828397,,6
BLS.NS,0.049220549131446585,0.011212698213824788,0.008234494145220558,0.005704874697963156,0.003444124734901669,,11
BLUEDART.NS,0.011128835742435584,,0.007148262858461661,0.004722614099566108,0.004544092685425734,,6
BLUESTARCO.NS,0.02700889751041193,,0.004682757541267319,0.009454170998272159,0.007684579445748495,,5
BORORENEW.NS,0.016430333356203836,,,,,,1
BOSCHLTD.NS,0.007655002532665523,0.009078383837230185,0.007913975618756149,0.019877045206316668,0.041157382925088436,,8
BPCL.NS,0.12337456404578995,0.06828244248879962,0.1211485470819477,0.018988005349007773,0.07219315609549255,,11
BRIGADE.NS,0.012107816408411569,,0.0035632119148020307,0.003112771078727041,0.0034624218462933425,,5
BRITANNIA.NS,0.005617130982160677,0.037345312433920926,0.021392807401813773,0.01578176437104953,0.01565515817892788,,7
BSE.NS,,0.03865084847225518,0.02157702141891092,0.020688723732320103,0.02456090099501447,0.006009586384252083,6
BSOFT.NS,0.04677077649153236,0.016695950591458123,0.01159298087684075,0.01247320886089768,0.014691082645541689,,10
CAMPUS.NS,,,,,,,0
CAMS.NS,,0.010686548657302205,0.015442033302961754,0.01615650272193613,0.023499893541064337,0.005256978933942577,15
CANBK.NS,,,,0.029288648951939156,0.037343451851939755,0.029316989849881472,3
CANFINHOME.NS,,0.010289374978831516,0.006334527280675954,0.005469467252047311,0.0058321695827328116,,8
CAPLIPOINT.NS,0.011464998958649676,0.001001243084591567,0.0045301334986726375,0.0053878605008759305,0.005120606510296169,0.0018086078009429078,10
CARBORUNIV.NS,0.017444869842516787,0.005478011436209927,0.004525268518060773,0.004317196993144,0.0031914812812123515,,10
CASTROLIND.NS,0.024203403069196553,0.08549748964783842,0.04761606353176658,0.05767748535518625,0.08854423844717996,,11
CCL.NS,0.024737942860566818,0.008981021459130748,0.015160509411058542,0.011508516865751163,0.008286311934358286,,10
CDSL.NS,0.020054390246386646,0.013601937593251215,0.008924765242152188,0.011938553592440188,0.013195002481728257,,5
CEATLTD.NS,0.026904180814261804,,0.013550217222439308,0.0023667183062014013,0.00616325732391394,,5
CENTRALBK.NS,,,,,,,0
CENTURYPLY.NS,0.020120993965771033,,0.0024023783075320555,0.002502471216542377,0.0016728470782424263,,6
CENTURYTEX.NS,0.011277217524776003,0.008336105452341553,0.001541595465501398,0.004904002496324237,0.00554661122366531,,5
CERA.NS,0.015671911809650014,,0.003016495688713875,0.0031872013257327773,0.006784844260775977,0.007936496403048459,7
CESC.NS,0.03311701928486602,0.0911625141729611,0.06899332707024043,0.06259023036158057,0.05785008671115972,,5
CGCL.NS,0.0004893173698998464,0.0002471502446275625,0.00021588483616382206,0.00018426432733965648,0.0008561343176955143,,6
CGPOWER.NS,,,,0.007117483500912185,0.003524226002157415,,2
CHALET.NS,,,,,,,0
CHAMBLFERT.NS,0.044303167828258744,0.021172397085840792,0.03246512423068515,0.02193973622406796,0.026451772218228208,,9
CHEMPLASTS.NS,,,,,,,0
CHENNPETRO.NS,,,,0.009759167121019166,0.06946761600587255,,2
CHOLAFIN.NS,0.007424209575797006,0.005336143510361463,0.0037453220460018487,0.0028777612881957,0.001983749743485983,,10
CHOLAHLDNG.NS,0.004131265922819694,,0.0008654854509362713,0.0008712122186285503,0.0006465981765660452,,6
CIEINDIA.NS,,,,0.010496318925743636,0.005614219605815668,0.010068651066853593,3
CIPLA.NS,0.00869353809595878,,0.005698120563806976,0.005023404307851171,0.01593371807748588,,6
CLEAN.NS,,,,0.004760283939000262,0.003569629596797254,,5
COALINDIA.NS,0.09504651716504252,0.1310695038517947,0.15551393585004492,0.13591208255698198,0.10166193882292979,,12
COCHINSHIP.NS,0.04772978239246657,0.10242385254398453,0.046216421887964536,0.04679415578156088,0.024844423973384523,,14
COFORGE.NS,0.014966026822869575,0.006312442059854344,0.013220516031464017,0.019836171660127865,0.016289299701418087,0.0033398513037358355,17
COLPAL.NS,0.009647451224054113,0.041953640408802714,0.012622254536522885,0.02619508610518047,0.02424146954046521,0.0037374454388198414,10
CONCOR.NS,0.018083900372251927,0.014870778039520777,0.013532941459922024,0.02445363609720985,0.016375124554892873,,16
COROMANDEL.NS,0.008701890727193032,0.027613040764486927,0.015518708389508975,0.013440758616481762,0.01196619848226812,,9
CRAFTSMAN.NS,,,,0.0014817373813923933,0.002755835293212355,0.0024933340206166896,3
CREDITACC.NS,,,,,,,0
CRISIL.NS,0.019862452974280312,0.028927337927698426,0.013132844676622684,0.0158224707529245,0.014784690524617883,0.0015814730108591314,21
CROMPTON.NS,0.008710713029970996,0.012118406768764144,0.012149753254858413,0.006791646461390631,0.02070353855730642,0.009122815010529447,8
CSBBANK.NS,,,,,,,0
CUB.NS,0.0048575235109796985,,0.003134677693652095,0.006513135482079145,0.00729164277024948,,6
CUMMINSIND.NS,0.031288605218558606,0.03256580226998591,0.019326361765236194,0.02035191263457665,0.01831225601326365,,10
CYIENT.NS,0.03946080667693034,,0.0337917748535001,0.029949897725028825,0.020281457440392312,0.009213129538826657,9
DABUR.NS,0.0067213019543083735,0.0071160314789276615,0.009897784866055838,0.009604197998728303,0.010028883553815314,,10
DALBHARAT.NS,0.004691998665693624,,0.005305130724915642,0.005687372914372477,0.00437908253124143,0.002536925174106971,10
DATAPATTNS.NS,,,,0.0038580007650729745,0.0025477888653780965,,2
DCMSHRIRAM.NS,0.027158052240844208,0.01764796882497453,0.01807049217958783,0.015501239874037957,0.012569071197361215,0.002674066004654191,14
DEEPAKFERT.NS,0.03519942846220978,0.026455650187799745,0.024233106757319017,0.013315907477207576,0.033420713693188935,,6
DEEPAKNTR.NS,0.014613919689265835,,0.0005317826729253325,0.0033447886699961367,0.0037112132587967398,,4
DELHIVERY.NS,,,,,,,0
DEVYANI.NS,,,,,,,0
DIVISLAB.NS,0.019668138428299328,,0.004707018875648548,0.007907972485660344,0.01766823924340592,,6
DIXON.NS,0.002129785581306469,,0.00023247827022032536,0.0004808158897263472,0.0007129515445983814,,5
DLF.NS,0.01788625872724211,0.00474042192180381,0.00623143567513349,0.008250945938870276,0.008325321114654739,,6
DMART.NS,,,,,,,0
DRREDDY.NS,0.007526504761971294,0.00624603218669251,0.005194201093693332,0.007062084557026227,0.007924197505062167,,5
EASEMYTRIP.NS,,,0.007149141909643998,,0.002278430640532873,,3
ECLERX.NS,0.0050363575652431075,0.0016929241799269025,0.000588383310599044,0.0011312868679322658,0.0005798474113093333,,7
EICHERMOT.NS,0.08134306161976483,,0.006566397367707526,0.007123042215370054,0.010893000543613541,,6
EIDPARRY.NS,,,0.028550539523955414,0.01063715305311224,0.016020795699890605,,5
EIHOTEL.NS,0.011428558750688688,,,,0.00538543890073891,,3
ELECON.NS,0.00609900834903183,,0.0032845042537805584,0.0014356282757894228,0.004739442243350006,0.0018659947266237628,6
ELGIEQUIP.NS,0.025202006785745985,,0.003870565658194886,0.002908479610492871,0.0081841731370056,,7
EMAMILTD.NS,0.027898919848706655,0.029317136771303903,0.015987477526756607,0.017813173787526625,0.018263557055935558,,11
ENDURANCE.NS,0.011262102323622583,,0.0039065654058378675,0.004535446823835351,0.00463566177209195,,5
ENGINERSIN.NS,0.04902409204152065,0.04684935925219546,0.03771341167680392,0.04709347553790199,0.026014759922056187,,10
EPL.NS,0.0108083720456599,0.020816824433236847,0.019151815359043603,0.02655093187640177,0.0233118845746281,,9
EQUITASBNK.NS,,,,,0.02469001300985597,,2
ERIS.NS,0.006977972155042768,0.011525205269173527,0.00881243835099703,0.010707093656657013,,,4
ESCORTS.NS,0.004439392709248448,0.002507905797020727,0.0018428035370921388,0.003847662570972341,0.0028096545410262377,0.005473943991992929,6
EXIDEIND.NS,0.027837311956790206,0.012559554918659146,0.01113210592042214,,0.008753216339818905,,6
FACT.NS,,,,,0.002236029197710169,,1
FDC.NS,0.004576067764661393,,,,,,1
FEDERALBNK.NS,0.016550571206037958,,0.008547915303709974,0.01694863882429417,0.007344451602232354,,4
FINCABLES.NS,0.01279741211335953,0.019585886553295507,0.012312501983884026,0.013498818143045764,0.007991014426982503,,5
FINEORG.NS,0.006581514219586113,0.0013333229173244354,0.0016940664440914146,0.0017463358313032104,0.0019210651861312318,,6
FINPIPE.NS,0.03833209058092651,,0.012072278162218852,0.013130483001578422,0.00789864553528865,,5
FLUOROCHEM.NS,,,0.0015282432311512675,0.001289114213737206,0.0006658323068366075,,4
FORTIS.NS,,,,,0.0032231864765274536,,1
FSL.NS,0.1140245519059617,0.06464813545023172,0.024189926985210528,0.03124510737414805,0.025776603924465645,,6
GAEL.NS,0.014395567507793266,,0.0037677625956696772,0.0024885452053207526,0.0025139831761945143,,5
GAIL.NS,0.0715042897042759,0.06032580929806064,0.0720295078630877,0.05319417634185681,0.050170033999050734,,9
GESHIP.NS,0.04685740785705722,0.012735427227957022,0.04587659663405705,0.05985577658218455,0.04107638311429785,0.010513674775148984,14
GICRE.NS,0.031662893834433506,,,0.01839142948452881,0.03683117790051181,,3
GILLETTE.NS,0.0075355074390085494,0.01601294591355931,0.021842670599879786,0.01425578788419337,0.017224238787606466,,11
GLAND.NS,,,,,,,0
GLAXO.NS,0.015608511543059827,0.015000910521677352,0.021170225304491547,0.04263278602022695,0.02321765118420359,0.014500184556918445,6
GLENMARK.NS,0.005732630007243443,0.006319853094630742,0.0046712887476975775,0.0059808240282949576,0.003906875982520309,,5
GLS.NS,,,0.018163033546242255,0.0757002455998234,0.0429567428995425,,4
GMDCLTD.NS,0.03613324140372444,0.04883457025907496,0.0032253028236875893,0.030189670172399735,0.052420894482499654,,5
GMMPFAUDLR.NS,0.006119577937801336,0.00297326648249305,0.001134691770129849,0.0012341586230597283,0.0019140033195708982,,19
GMRINFRA.NS,,,,,,,0
GNFC.NS,0.04037043546774917,0.031276095593503125,0.02428626065055047,0.016170773204973257,0.05146992473071663,,5
GODFRYPHLP.NS,0.03604431463917636,,0.02475574699947063,0.02299090476497759,0.023117218711843576,,5
GODREJCP.NS,0.00916665342035661,,,,0.005090080061419988,0.00798034126779737,5
GODREJIND.NS,0.005374577370754706,,,,,,2
GODREJPROP.NS,,,,,,,0
GPIL.NS,,0.023057692359758228,0.07554635956800197,0.028011870500732602,0.01610316807327872,,6
GPPL.NS,0.060106957905806536,0.08712768251635296,0.045020273176834755,0.06491503084971771,0.06111803858647973,,10
GRANULES.NS,0.009410892201788331,0.00493919442646949,0.00454023833535244,0.002438647678850037,0.0047507711058543504,,15
GRAPHITE.NS,0.0071491294001274405,,0.009295459110213145,0.02376249459775136,0.0213885588360414,,4
GRASIM.NS,0.009398074035346931,0.005922039655007842,0.002742773409494061,0.003095163226166481,0.005604654540741723,,5
GRINDWELL.NS,0.010877359220019693,0.014240535225213768,0.007949612127055793,0.006554551104128683,0.014223761242447612,0.007456329223499568,7
GRSE.NS,0.0726534389634759,0.0312269652430808,0.031887456964175054,0.020715404683257947,0.014135524045903972,,10
GSFC.NS,0.032798525955676644,0.021901782216887627,0.02238427216374106,0.018718480883445413,0.0635938584743056,,5
GSPL.NS,0.009779434074653705,0.009912418740056491,0.007045753772050652,0.008003121815334423,0.017994210477717102,,5
GUJGASLTD.NS,0.0054593643382831545,0.004396021666667904,0.0034692998954946315,0.0038878777664148397,0.014558681305182394,,5
HAL.NS,0.053993086365502624,0.04378347939408934,0.03737380604785595,0.026333587188358928,0.016932729246887723,,10
HAPPSTMNDS.NS,,,0.004901121985381022,0.004051279174794433,0.01071076383072269,0.0038994139313725394,8
HAVELLS.NS,0.013023264075064453,0.004816716440794171,0.005621949820547366,0.0061863032688139795,0.005898120056986071,0.0037817274803574295,10
HBLPOWER.NS,0.030269464719580377,0.0060148683984437065,0.01555236855887989,0.0046539227197908584,0.002292309814222935,,7
HCLTECH.NS,0.008590688206660587,0.021014008447494525,0.0383859606186709,0.04954147346489789,0.04590581735403163,0.012088318574467719,20
HDFCAMC.NS,,0.011669145218095913,0.012616112008412422,0.021446771134309987,0.02155664308351068,0.01898739173720336,5
HDFCBANK.NS,0.0021689677140955296,,0.0044679685285547695,0.010917430885692662,0.012013969976568645,0.01292951741643272,5
HDFCLIFE.NS,,,0.0029496411129588257,0.0030337445722406165,0.0031961089215086975,0.0033678591982173206,4
HEG.NS,0.0788838580908653,,0.0016446565019051318,0.03465518363736612,0.030486781481557024,,5
HEROMOTOCO.NS,0.05700531903399052,0.012707149377362358,0.026034255096056103,0.03996287144083115,0.020822116856134158,,11
HFCL.NS,0.005509138506742722,,0.002737127725950384,0.0024550361232201566,0.002932435358894711,,4
HINDALCO.NS,0.0063898481778391705,0.006003684376703786,0.007775215426749158,0.008948675208946998,0.006609297633826151,,5
HINDCOPPER.NS,0.014664462450198345,,0.0028181289469066694,0.01052922963467084,0.006969835805109962,,4
HINDPETRO.NS,,0.055913602356900564,0.09450118472207301,0.05940808631438889,0.057548843711576585,,4
HINDUNILVR.NS,0.006117129899279317,0.018564803429318134,0.013911823566934885,0.015510480863797192,0.015938064957829314,0.010076225412611843,11
HINDZINC.NS,,0.30924992997074013,0.08378959522996875,0.39831005976443945,0.04423728474272151,0.0226662775374778,11
HOMEFIRST.NS,,,,,0.0032379565240085143,0.0036905169535587272,2
HONAUT.NS,0.0017388403474480746,0.002522549392213402,0.002023626104007112,0.0022883668630656524,0.002460260786701964,,5
HSCL.NS,0.002051970263029033,0.0030654222681717924,0.003104174067965745,0.002518663950797103,0.0015262127756164407,0.0014041887226691806,6
HUDCO.NS,0.033533059420639326,0.12555439637613458,0.05779998371591061,0.10149321210555916,0.07354208778607127,,10
IBULHSGFIN.NS,0.0623233681995636,,0.03988409753549007,,0.00874737636570458,,5
ICICIBANK.NS,0.004512986482542933,,0.0030939751136059134,0.00631791984787773,0.017423747424019028,,6
ICICIGI.NS,0.0028969794351715486,0.0032013139525229294,0.005508593065514064,0.007765551436880992,0.008406191112174432,0.003671500215282487,9
ICICIPRULI.NS,0.0017862442416199161,,0.003495063163564284,0.0010623541945640287,0.0011961232837676425,0.0010600524824087617,5
IDBI.NS,,,,,0.017391972743911993,,1
IDEA.NS,,,,,,,0
IDFC.NS,0.11147746625668752,,,0.21568746364544633,,,4
IDFCFIRSTB.NS,,,,,,,0
IEX.NS,0.019555499449877115,0.01462288867443292,0.009953257189306779,0.00568337296094312,0.022177598230720397,0.009812140442202147,9
IGL.NS,0.007062277300554502,0.006857866921975825,0.007294198325469101,0.0494404279294833,0.009106590703858787,,7
IIFL.NS,0.01802548196188978,0.030602221772409482,0.013004092868843284,0.011210165650613174,0.007371807275352542,,5
INDHOTEL.NS,,0.0049929607969094476,0.0026885788298508136,0.00153986585812187,0.002686454783889509,0.0031341595158997635,5
INDIACEM.NS,0.010010228389234509,0.0053507966359405855,0.005525115988940976,0.004730684367382393,,,4
INDIAMART.NS,0.005930522566870876,,0.001966156950055374,0.0004400282849496101,0.003712453816320951,0.007670118105215565,5
INDIANB.NS,,,0.01664205632202635,0.0372750165285975,0.026010578852413584,0.02359527164719708,4
INDIGO.NS,0.0032408153497340453,,,,,,1
INDIGOPNTS.NS,,,,0.0019239059460460564,0.0025813413250102293,,2
INDUSINDBK.NS,0.005530376477253078,,0.0051489095831555864,0.008611414178628457,0.01085253435394983,0.011083692134377552,5
INDUSTOWER.NS,0.03093009298337828,0.13602056809560842,,0.05309213667432541,,,6
INFY.NS,0.023722825818340704,0.02688745253527722,0.02082564803905277,0.02135157364692919,0.0256068014064023,0.0051885146590887055,11
INOXWIND.NS,,,,,,,0
INTELLECT.NS,,,,0.003987377535709972,0.004280208304898257,0.0035586096295861227,3
IOB.NS,,,,,,,0
IOC.NS,0.05561791244135876,0.16010060213094782,0.1178554992790691,0.03530178048254722,0.09330071195360097,,10
IPCALAB.NS,0.008144750236969435,0.0046317060682642,0.0037882012796566582,0.004249025316515031,0.002312162962829426,,6
IRB.NS,,0.052939415223442136,,0.005302727132639483,0.009211934599629462,0.0015945443596665093,6
IRCON.NS,0.07860482810643492,0.04618168224459118,0.08845329313981437,0.059413882267873586,0.030579999826648226,,12
IRCTC.NS,0.011748017957423383,0.001910581660946735,0.005699203018839239,0.0070532185859529545,0.006885861366864234,,8
IRFC.NS,,,0.0362557098313447,0.06586704882935789,0.031628390392414885,,6
ISEC.NS,0.04287565254309715,0.03973358844921482,0.045482352859480865,0.04451413049267608,0.0393028113590666,0.022856328195068824,11
ITC.NS,,0.09419843472059407,0.05705624746168576,0.045439629500546024,0.022050764630182455,0.017668806587030635,9
ITI.NS,,,,,,,0
J&KBANK.NS,,,,,0.013258475252142483,,2
JAIBALAJI.NS,,,,,,,0
JBCHEPHARM.NS,0.04188228424519953,0.013457728230624974,0.011331875765415082,0.00957559379452306,0.016173471898847325,,11
JBMA.NS,0.01132288771724422,0.008222611304495855,0.0028491569648504784,0.002184732234409881,0.0012634924301799936,,5
JINDALSAW.NS,0.05762615560781341,0.032923232195405695,0.020847054283093143,0.023186042427373044,0.01108589271910594,0.007878325752694296,7
JINDALSTEL.NS,,,0.0026626065190220494,0.004540390948288244,0.0032372799855848585,,3
JKCEMENT.NS,0.016709634156682848,,0.005090642551778874,0.005616900034506947,0.004766106823755185,0.0012041898620942103,6
JKLAKSHMI.NS,0.011029621609565601,,0.007102091141807298,0.009614324663804548,0.007921023207381134,,6
JKPAPER.NS,0.06978583981067875,,0.022198374919299265,0.02910702312505005,0.020561750660163577,,7
JMFINANCIL.NS,,0.005354104761258471,0.012324371373115222,0.03191746804821927,0.012383983408692987,0.02285199795771394,8
JSL.NS,,,,,0.012222128567866355,,4
JSWENERGY.NS,0.030687654735514346,0.019013398747565566,0.010373735504362738,0.006822602054495611,0.006406797277883979,0.0035392454568355064,7
JSWSTEEL.NS,,0.016850119834274927,0.011086637305688263,0.027014965925290003,0.004539202197485643,0.008557102061230436,6
JUBLFOOD.NS,0.008016444656343729,,0.0017965898080614085,0.0020915971260072157,0.0024388614343477813,,5
JUBLINGREA.NS,,,0.0051278023965401565,0.009957159640883182,0.011358409847431663,,6
JUBLPHARMA.NS,0.02705576023340349,,0.007367654837756073,0.012762161694183247,0.01323550468856876,,5
JUSTDIAL.NS,,,,,,,0
JWL.NS,,,,,0.003951288570600158,,2
JYOTHYLAB.NS,0.06143242432731396,,0.02695924099837812,0.015376805953735513,0.01076497790172959,0.007752125777422016,7
KAJARIACER.NS,0.01198417413098975,0.021443701054034932,0.007934039467080534,0.008280103997711038,0.007270111934529048,,8
KALYANKJIL.NS,,,,,0.0027213410774090353,,1
KANSAINER.NS,,0.009674797549777037,0.005572396714824063,0.002188875589016474,0.0060661004698834824,0.004298272584155077,7
KARURVYSYA.NS,0.021283664908492893,,0.01036237390028768,0.0253885319648904,0.01656264358787159,,5
KEC.NS,0.022536083048214094,,0.009579042221202417,0.009434888677239088,0.0053603623059794835,,5
KEI.NS,0.0055452142057950534,0.005295819968561639,0.003457953521124963,0.002309362302455019,0.0015804648784906717,,6
KIMS.NS,,,,,,,0
KNRCON.NS,0.003791284376801129,,0.001012815932588643,0.0009576768369137659,0.0009692882984634784,,5
KOTAKBANK.NS,0.0005112607581943507,,0.00048655802061679256,0.000600865871994747,0.0008294812361953691,,4
KPITTECH.NS,0.019635308349700495,,0.01007894751897941,0.00557338153134654,0.004508714645453733,,9
KPRMILL.NS,0.0076401633164629714,0.007855710541856065,0.002634082615618828,0.0036652293279609964,0.006805064705015516,,10
KRBL.NS,0.024731402708488164,,0.014864115944781013,0.012421125595856604,0.0026655648253211014,,5
KSB.NS,,0.015264833468948153,0.008504262671582278,0.008159099885191107,0.006143102466402077,0.00422620197958574,5
LALPATHLAB.NS,0.014519293359459156,0.006835328743825375,0.004474605555993339,0.004865711715301048,0.010932331832164063,0.0024400654655740007,13
LATENTVIEW.NS,,,,,,,0
LAURUSLABS.NS,0.004497826648059277,0.014044637258546482,0.003121209557560385,0.0038971852534063485,0.004506456816686919,0.0009485772485068706,12
LEMONTREE.NS,,,,,,,0
LICHSGFIN.NS,0.03899619714413951,0.02872061567615028,0.021538141872577368,0.04705857607670168,0.02096100741050316,,7
LICI.NS,,,,0.0022453626518919214,0.015960970915457853,,4
LINDEINDIA.NS,,0.010988811092400111,0.0015801721670041162,0.0031541191626193554,0.0015806633450932575,,4
LODHA.NS,,,,,0.0015477083369734345,,1
LT.NS,0.022156459799088236,0.027308520655496705,0.011791499137634436,0.012307675026513748,0.011823002575457531,0.007940966609600251,9
LTF.NS,0.019918283491103562,,,0.006637817868247053,0.017675614376295636,0.015143477093062484,5
LTIM.NS,0.018534111714103803,0.014174071267596027,0.010617706712051833,0.01439823062742924,0.012218367605304335,0.008741202997777475,13
LTTS.NS,0.01448011244531208,0.01439312664699565,0.009970987698919477,0.0077506007220155965,0.011729135925211066,0.0064685164763371075,12
LUPIN.NS,0.006824910198560415,0.007105530384071696,0.006356055660609694,0.005595914711721747,0.004306504580531854,,5
LXCHEM.NS,,,0.0014597797051872263,0.001963292306551853,0.0037118873226183735,,4
M&M.NS,0.0162257761458634,0.004532567826727866,0.01122096525870041,0.011158132512326831,0.02318697172869051,0.009950077234505325,7
M&MFIN.NS,0.020772276818068366,,0.004783992907225935,0.019736784268395008,0.021967622049166326,,5
MAHABANK.NS,,,,0.02879883567986953,0.07811474482386713,0.023162968170429694,4
MAHLIFE.NS,0.015306280801965774,,,0.0052702936782310075,0.00507716275556183,,3
MAHSEAMLES.NS,0.01637054651552306,0.010081106294220885,0.01031993105009187,0.007650873335860056,0.009572430215871139,,5
MANAPPURAM.NS,0.01695872614543822,0.008939756242815428,0.01878795299203205,0.02807241267373066,0.025668893159500057,0.0055007203641069735,19
MANYAVAR.NS,,,,0.004336231672817181,0.007147212120831913,,2
MAPMYINDIA.NS,,,0.0026143825845979206,,0.0023803962308196046,,3
MARICO.NS,0.019816737512670983,0.023491864492628058,0.019778927981594623,0.009086007581771948,0.018342865451463776,,10
MARUTI.NS,0.01242961506733689,0.009641775715239265,0.006346483033025951,0.007272790299869161,0.009520244431567428,,5
MASTEK.NS,0.0529094556866517,0.010063592460450771,0.007683313685589174,0.011665721266936824,0.009481522418804154,,12
MAXHEALTH.NS,,,,,0.0018548400250129296,,1
MAZDOCK.NS,,0.03175399531291552,0.03939515095175058,0.026638875602825157,0.01615068970799826,,7
MCX.NS,0.021304348629279563,0.022283536331024492,0.01773040519887114,0.012781219965521742,0.010529445138865372,,5
MEDPLUS.NS,,,,,,,0
METROBRAND.NS,,,0.00326126777737455,0.0048323550670054385,0.0042149900099673785,,5
METROPOLIS.NS,0.006568994594562834,0.004910737515485339,0.0030745940048590827,0.004470879959622744,0.0028706920174209416,,5
MFSL.NS,,,,,,,0
MGL.NS,0.024424719273926313,0.027300591431551998,0.023145257563816333,0.03282218072176713,0.028012115689448815,,10
MHRIL.NS,,,,,,,0
MINDACORP.NS,0.008948540948803457,0.003941190509481802,0.005278627830394842,0.005288304832607313,0.004527280107406491,,9
MMTC.NS,0.015935297705052864,,,,,,1
MOTHERSON.NS,0.07807629590002199,,0.011379941783469915,0.005126226157268053,0.00760776479854827,,6
MOTILALOFS.NS,0.0033617850421175893,0.001995809613590902,0.003853089451263662,0.0031773608703945647,0.005306328805748242,,9
MPHASIS.NS,0.03281391605594055,0.036893979375695704,0.012220795180845668,0.019571898914919637,0.024158942859896296,0.02269594218819371,6
MRF.NS,0.000996256914777467,0.0015555301703825434,0.0006929197299265616,0.0019332394881763396,0.0017492685575208554,,15
MRPL.NS,,,,,0.012494060038982856,,1
MSUMI.NS,,,,0.01124172913557131,0.011486683557672978,,2
MTARTECH.NS,,,0.004272728501446595,,,,2
MUTHOOTFIN.NS,0.02501971548746407,,0.015109587878586109,0.017760350194036777,0.018947266700031353,0.015545555907370473,5
NAM-INDIA.NS,0.011944784327155357,0.01955449405447489,0.025625606098940594,0.04232770241943858,0.04553673629785822,0.020419532089563503,10
NATCOPHARM.NS,0.010670934219603148,0.008822630096863772,0.00497566267722715,0.00795302821289094,0.013797893987201314,,16
NATIONALUM.NS,0.08078511416819557,0.08776064690030003,0.09044955117529592,0.060539084339991105,0.046761256708162446,,13
NAUKRI.NS,0.003520731585787764,,0.0030135836528575903,0.0035803001369670777,0.0067714698298950065,,10
NAVINFLUOR.NS,0.010505659240110038,0.006337101114614036,0.003311805947167831,0.0027046609478050755,0.004043111752298823,0.0021087898169233833,13
NBCC.NS,0.01797369211602433,0.00558669739765004,0.010829400884586393,0.013908710424671025,0.011126303286825703,,5
NCC.NS,0.02697206875615082,0.005962379756624984,0.010742386144768131,0.030616665169573457,0.03435060686326193,,6
NESTLEIND.NS,0.01850837733290381,0.012421474904809361,0.011373250671781,0.011495452995765444,0.014419223761916424,,11
NETWORK18.NS,,,,,,,0
NH.NS,0.007884961755890752,,,0.001456582562642762,0.005344289454769092,,5
NHPC.NS,0.1068383501801145,0.09011723072508834,0.0700173935828755,0.05910278878403732,0.039901673530306124,,10
NIACL.NS,0.0119530555852529,,,0.0029159940980470122,0.014756877755794436,,3
NLCINDIA.NS,0.16232782290236725,0.02344373966117506,0.057944360479689386,0.043775808967632036,0.031065449447929952,,8
NMDC.NS,0.09616024196378353,0.14853218368718524,0.1605967459219878,0.038894370074028226,0.06893538373349235,,7
NTPC.NS,0.032463075058927905,0.10934638868466744,0.1021674032278686,0.05093198766562415,0.04236381312094498,,13
NUVOCO.NS,,,,,,,0
NYKAA.NS,,,,,,,0
OBEROIRLTY.NS,0.003863890562469959,,,0.0033779935184569793,0.007719675953357128,0.0025981819890691406,7
OFSS.NS,,0.08089774101365989,0.06075341368660205,0.0647564594542739,0.0638487701521023,0.03148313880198757,5
OIL.NS,0.09337234005397843,0.06437471345419643,0.07974509442315303,0.10368611658816786,0.06709252034156749,,13
OLECTRA.NS,,,,0.0006372546140658451,0.00043705889344676106,,2
ONGC.NS,0.05819677487987363,0.026804611837316958,0.09069449627548137,0.10764360517589325,0.06319809707254204,,12
PAGEIND.NS,0.007977251694136888,0.012491936367202161,0.009478752463806465,0.005847774050536802,0.008064694967098425,0.0032921933909428663,17
PATANJALI.NS,,,,0.004610421718121395,0.01024287430425999,,3
PAYTM.NS,,,,,,,0
PCBL.NS,0.03500206310330831,0.07023507500492397,0.050140636980749595,0.04909312596398938,0.03503978803444159,,5
PEL.NS,0.0312646719447142,0.021038891384124896,0.02840488460924902,0.03278526348429442,0.0357586598115438,0.01148523163466621,6
PERSISTENT.NS,0.026174460925597085,0.01686053606741069,0.009281327712943068,0.010292400353266281,0.008118138366951964,0.0025493998307753976,11
PETRONET.NS,0.04784046392994276,0.07448321395712527,0.05173353374521769,0.059124980849092526,0.04667459800031856,,10
PFC.NS,0.1275888126781608,0.11301798928384255,0.12883627873202985,0.09694837365210125,0.07753164365925946,,14
PGHH.NS,0.004611418292073912,0.019224971911732277,0.025122808224474023,0.0103096342687044,0.010889106871530708,,10
PHOENIXLTD.NS,0.004276617765304123,,0.0011709597729621176,0.0020000560316790947,0.0030188705009793785,,4
PIDILITIND.NS,0.010282788531486264,,0.004087249176246583,0.004040562321655954,0.00443276005273092,,5
PIIND.NS,0.005869969767338033,0.0022943262502304104,0.0018257750361359158,0.0025612085504904763,0.004954051047599209,,13
PNB.NS,,,,0.0174342342605364,0.010715783780551854,0.012422710912678573,3
PNBHOUSING.NS,0.015331029539308592,,,,,,1
PNCINFRA.NS,0.005430343761981843,,0.0017856735734132505,0.001905113930727436,0.0015340592108179815,,5
POLICYBZR.NS,,,,,,,0
POLYCAB.NS,0.009661367023672523,,0.005506859949376249,0.005719787967884688,0.004966022107279294,0.005453149212912412,5
POLYMED.NS,0.020373027459426835,,0.0028578265682567103,0.0029752545848300356,0.0025562261667970653,,5
POONAWALLA.NS,0.013490996880221524,,,0.0014562992694582982,0.011448500059409656,,4
POWERGRID.NS,0.056267365985062795,0.09391346072017802,0.07760181644893252,0.06256385627147756,0.06781602339466138,,14
POWERINDIA.NS,,,0.0010492293219295805,0.000926508302700097,0.0008612707134573784,,3
PRAJIND.NS,0.042012394414827466,,0.007714707611578416,0.003947629803581652,0.010261956065833569,,5
PRESTIGE.NS,0.01032823932098602,,0.004309076919471152,0.0033159526248125876,0.0024967240935364903,,5
PRINCEPIPE.NS,0.006411719546362233,0.009149633423307527,0.0058106450324914025,0.0032295887003501245,,,5
PRSMJOHNSN.NS,0.012778738511013688,,,,,,1
QUESS.NS,,,0.014858613558336104,0.020353758769231376,0.009718774714511257,,5
RADICO.NS,0.0039643998598596405,0.005297403660134657,0.0030979081103011154,0.003113087962016188,0.002403820264744473,,5
RAILTEL.NS,,,0.02378737983542697,0.020693694977101856,0.012269045070425175,,7
RAINBOW.NS,,,,0.0033293212228721995,0.0032008991428782527,,2
RAJESHEXPO.NS,0.0014724278091498616,0.001896725289754995,0.0017386443093192346,0.0014994971837899176,,,4
RAMCOCEM.NS,0.0073981677367959695,0.00428264450145294,,0.004057280876432763,0.004672601900763126,,6
RATNAMANI.NS,0.02269746324557559,,0.007161608123357291,0.005513304228553306,0.004766966158634391,,5
RAYMOND.NS,,,,0.003085809695181676,0.0018353904005484502,0.004869153344998703,3
RBA.NS,,,,,,,0
RBLBANK.NS,0.004199563967191663,,,,0.007639375307577929,,2
RCF.NS,0.019197296865522972,0.10701932320688087,0.04563350831562821,0.0459813545310295,0.03212850445634736,,7
RECLTD.NS,0.1227726304156179,0.1417492342906739,0.11039556300294873,0.14173401084928047,0.07896468631378048,0.010415905474743945,15
REDINGTON.NS,0.1599770381882979,,0.01921326414732517,0.050300248018546594,0.09074128332812807,0.031169945731064325,9
RELIANCE.NS,0.005230489772368888,0.004094663067410954,0.0034759906970011027,0.003446565249229267,0.003871141520581383,,5
RENUKA.NS,,,,,,,0
RHIM.NS,,0.013473821822155703,0.008117480856373637,0.00428942575653032,0.0035807389711444,,4
RITES.NS,0.06515139013747924,0.07153848410625328,0.07682761852066164,0.06777614592026578,0.04707212670712229,,18
RKFORGE.NS,0.004462734546819644,,0.0019738364621785954,0.008943997461505655,0.0031198960459852413,0.0013383748931149455,11
ROUTE.NS,,,0.00291072818869557,0.007737757080865194,0.007660131829736847,,9
RTNINDIA.NS,,,,,,,0
RVNL.NS,0.004604804281619224,0.06749794718716559,0.1115515938453867,0.006723356903900096,0.01770742736471057,,8
SAFARI.NS,,,,0.0018860307889223612,0.0028236713600541877,,5
SAIL.NS,0.015412144168524817,0.030643734109564797,0.08753426402188608,0.03959813232641515,0.01709158934562638,,9
SANOFI.NS,,0.07430189408123729,0.034009956445149786,0.08311954886007408,0.03574825621006167,0.014308782699375829,8
SAPPHIRE.NS,,,,,,,0
SAREGAMA.NS,0.00789752560596457,0.0034227714392583964,0.01849160798166806,0.007595918733466101,0.011463571939757685,,6
SBICARD.NS,,0.0013887588699232885,0.0024904295651541177,0.003003197935072944,0.003139365108023477,,4
SBILIFE.NS,,,0.00434821613184127,0.0021156221837993067,0.002143456849927777,,4
SBIN.NS,,,0.010186647880983274,0.014178763400236247,0.02014710259591568,0.018219717669058055,4
SCHAEFFLER.NS,,0.009372643650717915,0.006305336941711121,0.0066277974778712915,0.00818765437737496,0.007320410497276296,5
SCHNEIDER.NS,,,,,,,0
SHREECEM.NS,0.007454640235810406,,0.003836595126800925,0.0039803153291956455,0.004168003622423999,,8
SHRIRAMFIN.NS,0.005025792616290743,0.008033113953899346,0.02465986049175542,0.012634900716093633,0.0313743545908021,,10
SHYAMMETL.NS,,,0.02677218331286148,0.023645478304449317,0.004793368182878582,,8
SIEMENS.NS,0.01027911602405966,0.005621001633123016,0.0039762384243071745,0.007792704468769125,0.0028451503643142006,,7
SJVN.NS,0.12686838680546772,0.12508051948250523,0.06460894034524439,0.05938141045616646,0.03467084618651096,,10
SKFINDIA.NS,0.013422408967137738,0.08707140105796271,0.011045689719183812,0.003764656329676033,0.017418409359629666,0.02618728391355822,8
SOBHA.NS,0.015386329626474305,0.02602725173519302,0.011481004179422837,0.00437036273063126,0.004644118508776575,,6
SOLARINDS.NS,0.006562607058573872,0.005913444216157836,0.0034812246826279717,0.002434019456624824,0.003567712897672508,0.001014344613975517,7
SONACOMS.NS,,,0.0013542723643683134,0.006008615051189066,0.008920408004633316,0.002393459198257004,8
SONATSOFTW.NS,0.10374266785911541,0.015237497764887815,0.027628544310527654,0.03162438424762565,0.016147926995042486,,10
SPARC.NS,,,,,,,0
SRF.NS,0.0048699564359106625,0.006041932806162948,0.004449557452627656,0.0029834352192623604,0.0030975895003086057,,10
STARHEALTH.NS,,,,,,,0
STLTECH.NS,0.02671300370143835,0.028595464279019323,0.008060226391467333,0.0027830277315108137,0.006380100043776325,,5
SUMICHEM.NS,,0.0021508700403171247,0.0022843274172938207,0.0022764224848318207,0.017797415149466405,,6
SUNDARMFIN.NS,0.006621125811871106,0.010913737712213366,0.00942264188634612,0.015650103942877074,0.010890738326668642,,11
SUNDRMFAST.NS,0.009516123109711167,0.0032321984664302125,0.013005340114788322,0.002383642366658462,0.005059205725717626,0.0035513605231125697,9
SUNPHARMA.NS,0.014305592142189459,0.014192414951375222,0.013163120099938513,0.011786136210946195,0.011788992460086679,,10
SUNTECK.NS,0.0036113408450545253,0.005746818296795584,0.004080905585911465,0.0033303540883724563,0.004141632254840668,,5
SUNTV.NS,0.062430538682372624,0.013190311391136472,0.02895613981098165,0.03301423460988556,0.026796012468594317,0.004524067610092212,17
SUPREMEIND.NS,0.01308339927298482,0.004134548963905013,0.019398273975398336,0.011951730030464134,0.008265703720921936,0.004683300826749171,11
SUVENPHAR.NS,,0.00368584589252465,0.008080789185588789,0.012273740295525599,,,6
SUZLON.NS,,,,,,,0
SWANENERGY.NS,0.0009588190121517936,0.0008089508109729377,0.0007422362691067301,0.0004509130588909677,0.0003374008627995636,,5
SWSOLAR.NS,0.012557473054155468,,,,,,1
SYNGENE.NS,0.001593555409656915,,,0.0008623908687249006,0.0010768684546012457,0.0017679895726113773,4
TANLA.NS,0.006362995406864019,0.005115774222089244,0.0010259581587899423,0.0072474833085774725,0.011590298268718196,,6
TATACHEM.NS,,0.037720984531616514,0.027225271845028542,0.013150174178730852,0.017960207323704784,0.01414994922495354,6
TATACOMM.NS,0.014233144793499476,0.0065027635815537365,0.011754682317909689,0.01822428279415273,0.014010152362421315,0.009216164272329248,6
TATACONSUM.NS,,0.006501563365245861,0.005750016453025524,0.008066806980990384,0.010374133087244454,0.006893693298400382,5
TATAELXSI.NS,,0.015795965196021364,0.005837068497501502,0.005583873985951139,0.008530633804584376,0.009337075681403137,5
TATAINVEST.NS,0.027429421564877984,0.024263000033555828,0.021187826594608713,0.03323908897168102,0.01854879811455425,0.004442330367065096,6
TATAMOTORS.NS,,,,,0.0035978135110471513,0.003182790688885328,2
TATAMTRDVR.NS,,,,,0.00636027194396772,0.004936716027368348,2
TATAPOWER.NS,,0.03202002418443412,0.011478514215219662,0.00775522080033436,0.008679173159447056,0.004946887742577728,5
TATASTEEL.NS,,0.06161502944092927,0.05483524526930721,0.7364386701605153,0.03178155340735728,0.0233670534157889,6
TCS.NS,0.032059918523498876,0.013824208421568989,0.011426928002592453,0.03252140071911261,0.018042213773097615,0.007180082504706474,21
TECHM.NS,0.03821342532503457,0.03139325207009355,0.026669633996707204,0.029197723212200773,0.039528074703138225,,10
TEJASNET.NS,0.022570717489195674,,,,,,2
THERMAX.NS,0.013516805132682146,,0.005080270865261869,0.004373320224797231,0.004058788397615969,0.002837571689913348,6
TIINDIA.NS,0.0088849719114596,0.0037745597034044005,0.0028082668005606367,0.0016712732175315737,0.0011904324563339961,,8
TIMKEN.NS,0.001353278429220662,0.0517799590068945,0.0009827460067768502,0.0005817103801038442,0.0004816116559695979,,5
TITAGARH.NS,0.006998840220577431,,,,0.000926549894548859,,2
TITAN.NS,0.008778256467352892,0.007224265442166594,0.0022049771183234737,0.003096698715167547,0.0068955692420955735,0.0031005832185739676,9
TORNTPHARM.NS,0.00923252924981664,0.008638288918317884,0.01467549216191611,0.014887217573747065,0.016883398637836524,0.0022836661833376707,9
TORNTPOWER.NS,0.0460649200644321,0.019220160670926956,0.03440913692485476,0.02665200487622657,0.025544886977620578,0.0030704404977091966,8
TRENT.NS,0.0026888885072558206,0.001653929468610431,0.0013502349585388495,0.0008780896274154735,0.001225961477144877,0.0007656273258705267,7
TRIDENT.NS,0.06556985484382281,,0.031171451952060877,0.008349361742831244,0.01077559868137559,0.008958534478974349,8
TRITURBINE.NS,0.005207016094897012,,0.014071575786005977,0.0033279296585317173,0.002730658686455975,,5
TRIVENI.NS,0.01915190361705977,,0.02030331351404925,0.007510614095565788,0.018021771536691565,,6
TTML.NS,,,,,,,0
TV18BRDCST.NS,,,,,,,0
TVSMOTOR.NS,0.008615443777824144,0.008617710364908274,0.00637308723798704,0.006018341914370868,0.005931440982336221,,7
UBL.NS,0.0019490454439018271,0.002417501312751704,0.00036063841531499473,0.006654583511269829,0.004894655310450699,,5
UCOBANK.NS,,,,,,0.005268445227485734,1
UJJIVANSFB.NS,,,,0.03784571683848663,0.012317137292723528,,2
ULTRACEMCO.NS,0.002804726777982139,0.0032091115721292053,0.005397809087669446,0.005853892317531632,0.004730323932140675,,5
UNIONBANK.NS,,,,0.04259688251883057,0.0355785998377706,,2
UNOMINDA.NS,0.0031809202820348827,0.00108964228420764,0.0014960860510754791,0.00490135307635301,0.0029222452380229342,0.0017511987564852109,11
UPL.NS,,0.013739327535011345,0.014807845044139595,0.01373695349734407,0.015393529949356976,,4
USHAMART.NS,,,,0.01632786945520912,0.009332903138319186,,2
UTIAMC.NS,,0.014567015386868842,0.02156877415237652,0.027539444748790387,0.029917012532657487,,4
VAIBHAVGBL.NS,0.04343452810873176,0.04535067718178819,0.011078023351355427,0.01649102507928013,0.017252415997925166,0.0038324168927853625,22
VARROC.NS,0.015956586567609985,,,,,,2
VBL.NS,0.0038631513720164957,0.003518772587949063,0.0033091806565797555,0.005157817839070504,0.0021208251256515766,0.0008703158293423777,8
VEDL.NS,0.05641129315088463,0.16969085437225465,0.39725782523648995,0.3776871545012294,0.21017609349116526,0.03195845848367735,14
VGUARD.NS,0.011152877800277615,,0.005016216926643158,0.005665365068688469,0.004741238860360148,,6
VIJAYA.NS,,,,0.0023797966273106886,0.0021492687699951165,,2
VIPIND.NS,0.017196866594478052,,0.0058275248449865145,0.007035893989825255,0.003171749305548998,,7
VOLTAS.NS,0.012607323304490136,0.006431914348501585,0.004739314407760462,0.005387317352806413,0.0051416617453203615,0.004469396864073983,7
VTL.NS,0.01986500262227717,,0.03397879001259838,,0.010102975072197942,,4
WELCORP.NS,0.08775756241049075,0.004998688879094157,0.038180071811280226,0.02460878827319608,0.016077826765433574,0.009000394300282565,6
WELSPUNLIV.NS,0.03217896370102442,,0.001374569152458506,0.0017115381444512909,0.0009573831562520374,0.0006742478081473393,7
WESTLIFE.NS,,,,,0.00423302958028444,,1
WHIRLPOOL.NS,0.005272943604320237,0.002378755814230463,0.0022648117886774764,0.003055762373072917,0.003437823174202951,,6
WIPRO.NS,0.004074628121061058,0.00384298006070579,0.001832656208272615,0.012776546242633751,0.0025077945875329392,,6
YESBANK.NS,,,,,,,0
ZEEL.NS,0.011624351886064943,0.0015877571609041355,0.010619317878417302,0.011735025686255653,,,4
ZENSARTECH.NS,0.033687620118350844,0.00808676519546861,0.011222608259794367,0.017571334984005958,0.01373968743027607,,11
ZFCVINDIA.NS,0.0030976679583585667,,0.0015970171068844712,0.001402580699673151,0.002081423419502909,,6
ZOMATO.NS,,,,,,,0
ZYDUSLIFE.NS,0.045824995083489875,,0.006802666549186238,0.006682968415374871,0.021773416326742734,,7
